{"cameras": {"A": {"PM": [[51, [748, 363]], [15, [461, 718]], [16, [534, 602]], [17, [623, 386]], [52, [882, 371]], [53, [979, 350]], [29, [593, 777]], [32, [666, 648]], [35, [755, 515]], [34, [889, 514]], [33, [997, 499]], [14, [537, 312]], [48, [637, 231]], [45, [542, 102]], [11, [446, 167]]], "recadrage": [21.0, 81.88888888888889, 73.16666666666667]}, "B": {"PM": [[20, [650, 492]], [8, [653, 347]], [7, [509, 346]], [6, [388, 350]], [18, [397, 487]], [19, [515, 486]], [9, [787, 353]], [5, [740, 195]], [2, [825, 65]], [10, [866, 239]], [11, [954, 121]], [12, [876, 557]], [15, [971, 682]], [26, [845, 755]], [23, [719, 601]]], "recadrage": [24.333333333333332, 84.0, 70.33333333333333]}, "C": {"PM": [[0, [562, 367]], [36, [688, 444]], [37, [789, 317]], [38, [871, 190]], [6, [750, 122]], [3, [679, 238]], [39, [779, 585]], [50, [661, 660]], [47, [552, 506]], [46, [430, 509]], [53, [731, 776]], [42, [843, 720]], [1, [427, 380]], [2, [320, 374]], [45, [324, 495]]], "recadrage": [18.666666666666668, 81.55555555555556, 76.16666666666667]}, "D": {"PM": [[24, [760, 403]], [25, [880, 403]], [26, [989, 407]], [29, [990, 534]], [28, [874, 533]], [27, [748, 535]], [44, [613, 449]], [41, [532, 306]], [38, [454, 173]], [18, [569, 120]], [21, [651, 243]], [30, [642, 677]], [43, [520, 605]], [42, [429, 718]], [39, [351, 574]], [33, [556, 784]]], "recadrage": [23.77777777777778, 84.66666666666667, 76.83333333333333]}}, "voisins": {"F": [[174, 43, 50], [162, 21, 37], [162, 12, 33], [149, 17, 35], [177, 51, 69], [81, 18, 22], [75, 17, 19], [72, 24, 28], [80, 27, 36], [79, 14, 21], [179, 51, 62], [168, 15, 30], [162, 12, 28], [150, 24, 38], [177, 44, 56], [68, 16, 16], [62, 12, 15], [62, 18, 22], [71, 26, 29], [66, 13, 18], [180, 56, 69], [159, 16, 32], [165, 8, 29], [152, 27, 38], [172, 48, 53], [80, 19, 27], [77, 17, 25], [72, 23, 31], [87, 26, 43], [83, 13, 30], [176, 57, 71], [160, 16, 32], [160, 13, 33], [147, 23, 30], [169, 45, 54], [83, 26, 31], [76, 17, 23], [72, 24, 27], [85, 29, 43], [82, 16, 32], [171, 11, 33], [167, 12, 40], [170, 11, 34], [177, 7, 39], [172, 9, 35], [170, 24, 42], [170, 16, 44], [169, 10, 39], [174, 25, 51], [91, 25, 26], [179, 67, 87], [172, 68, 91], [176, 44, 73], [177, 54, 79], [171, 16, 34], [166, 15, 28], [167, 14, 36], [159, 24, 45], [170, 16, 42], [88, 19, 24], [156, 54, 67], [160, 64, 84], [157, 74, 108], [158, 71, 86], [173, 10, 37], [82, 19, 26], [68, 25, 29], [73, 16, 20], [69, 17, 16], [72, 15, 20], [162, 62, 86], [163, 48, 64], [163, 46, 65], [159, 16, 37], [158, 20, 36], [158, 11, 40], [154, 15, 32], [171, 47, 68], [97, 33, 50], [89, 20, 33], [173, 70, 67], [171, 51, 71], [167, 67, 82], [164, 16, 34], [165, 18, 45], [169, 8, 31], [176, 45, 56], [156, 19, 39], [88, 32, 45], [83, 19, 32], [161, 19, 33], [163, 17, 33], [167, 8, 33], [174, 47, 55], [155, 34, 48], [76, 18, 22], [89, 31, 44], [85, 15, 32], [70, 16, 19], [75, 23, 31]], "R": [[22, 90, 169], [7, 79, 161], [13, 75, 165], [16, 76, 165], [22, 92, 169], [1, 51, 140], [1, 49, 143], [4, 50, 150], [1, 50, 129], [4, 54, 143], [11, 82, 162], [17, 81, 158], [40, 113, 164], [13, 90, 167], [23, 87, 158], [0, 50, 145], [3, 30, 57], [1, 25, 57], [2, 29, 55], [1, 25, 55], [3, 82, 163], [1, 51, 145], [0, 61, 156], [1, 55, 151], [0, 97, 193], [2, 68, 157], [2, 32, 68], [2, 25, 68], [2, 35, 77], [4, 35, 74], [3, 35, 76], [12, 88, 161], [1, 58, 159], [0, 58, 161], [2, 54, 155], [0, 59, 155], [1, 50, 142], [1, 59, 170], [0, 57, 173], [0, 57, 179], [0, 65, 177], [15, 87, 171], [11, 75, 162], [12, 74, 165], [5, 75, 169], [12, 89, 177], [0, 47, 144], [1, 49, 148], [3, 50, 146], [1, 47, 139], [1, 51, 147], [14, 87, 168], [7, 77, 159], [9, 74, 162], [8, 75, 164], [16, 89, 171], [2, 51, 142], [0, 52, 145], [1, 54, 148], [2, 46, 136], [6, 55, 137], [15, 87, 166], [5, 78, 161], [9, 80, 163], [13, 80, 167], [13, 93, 173], [1, 52, 141], [0, 51, 146], [1, 55, 147], [2, 48, 136], [1, 52, 146], [33, 98, 176], [8, 86, 171], [30, 98, 169], [10, 75, 167], [14, 93, 172], [3, 47, 146], [0, 50, 150], [1, 52, 151], [1, 44, 141], [1, 58, 165], [14, 78, 160], [31, 89, 169], [0, 49, 143], [0, 50, 143], [1, 54, 145], [1, 48, 135], [0, 55, 156], [3, 33, 71], [1, 27, 68], [3, 38, 79], [17, 80, 161], [26, 88, 174], [0, 50, 143], [1, 51, 145], [1, 51, 145], [1, 47, 138], [3, 53, 139], [3, 36, 80], [0, 33, 79], [4, 37, 80]], "U": [[228, 227, 238], [227, 230, 243], [222, 224, 239], [222, 225, 231], [222, 224, 230], [207, 231, 238], [205, 230, 242], [206, 231, 240], [211, 228, 233], [210, 228, 232], [202, 218, 229], [197, 212, 224], [200, 214, 228], [203, 222, 234], [215, 216, 230], [226, 223, 230], [216, 219, 232], [217, 220, 232], [214, 218, 227], [199, 231, 241], [200, 217, 228], [199, 219, 225], [198, 213, 218], [193, 211, 216], [225, 223, 231], [200, 231, 243], [101, 125, 138], [101, 127, 139], [100, 120, 130], [99, 116, 121], [225, 223, 231], [179, 209, 217], [184, 218, 230], [196, 230, 245], [180, 213, 223], [183, 219, 227], [98, 129, 143], [102, 126, 146], [99, 127, 144], [97, 123, 132], [86, 114, 124], [209, 221, 228], [204, 219, 230], [208, 219, 231], [207, 230, 246], [231, 229, 243], [206, 229, 240], [207, 230, 243], [203, 227, 234], [211, 227, 236], [212, 233, 245], [201, 210, 211], [197, 211, 216], [201, 222, 228], [199, 216, 225], [230, 231, 242], [213, 228, 234], [108, 124, 123], [107, 127, 128], [111, 127, 131], [108, 130, 139], [216, 214, 223], [228, 230, 242], [224, 225, 235], [219, 218, 227], [216, 215, 223], [205, 230, 235], [109, 141, 151], [107, 134, 138], [115, 142, 151], [114, 140, 156], [223, 230, 247], [226, 230, 247], [216, 224, 241], [219, 223, 233], [219, 224, 231], [199, 230, 241], [194, 231, 248], [198, 230, 243], [204, 227, 237], [203, 229, 238], [227, 230, 245], [229, 230, 243], [222, 224, 240], [224, 223, 231], [223, 222, 229], [202, 229, 239], [197, 231, 246], [200, 230, 242], [206, 227, 236], [203, 228, 238], [227, 230, 243], [226, 230, 243], [222, 223, 238], [223, 225, 231], [224, 223, 230], [201, 230, 238], [196, 231, 245], [202, 229, 242], [201, 228, 234], [203, 229, 236]], "B": [[254, 150, 19], [254, 147, 5], [254, 146, 36], [254, 141, 10], [254, 150, 33], [254, 135, 0], [254, 133, 0], [254, 140, 0], [254, 135, 0], [253, 142, 0], [254, 150, 23], [254, 142, 11], [254, 142, 45], [254, 142, 12], [254, 153, 24], [254, 135, 0], [254, 133, 1], [254, 140, 1], [254, 138, 0], [253, 142, 0], [254, 148, 7], [254, 140, 6], [254, 146, 54], [254, 143, 0], [254, 143, 29], [254, 138, 0], [253, 135, 0], [253, 140, 0], [253, 129, 0], [254, 145, 0], [254, 152, 6], [254, 149, 2], [254, 150, 37], [254, 146, 2], [254, 152, 25], [254, 136, 0], [254, 136, 0], [254, 144, 0], [254, 134, 0], [253, 141, 0], [254, 143, 23], [254, 131, 23], [254, 133, 28], [254, 132, 56], [254, 138, 41], [254, 137, 0], [204, 69, 8], [206, 66, 0], [207, 60, 0], [203, 63, 1], [254, 142, 10], [254, 145, 4], [254, 135, 0], [254, 133, 1], [254, 144, 21], [254, 136, 0], [209, 63, 1], [207, 63, 6], [215, 70, 21], [214, 61, 2], [254, 150, 3], [253, 134, 1], [254, 129, 0], [253, 141, 0], [254, 144, 1], [254, 145, 0], [254, 136, 0], [254, 140, 0], [254, 141, 0], [254, 142, 1], [254, 138, 5], [254, 153, 35], [254, 132, 0], [254, 134, 0], [254, 143, 0], [254, 136, 0], [254, 138, 0], [206, 62, 0], [204, 58, 0], [203, 67, 11], [254, 146, 2], [254, 150, 23], [254, 124, 0], [254, 135, 0], [253, 133, 1], [254, 141, 0], [253, 139, 1], [207, 62, 0], [206, 61, 0], [201, 64, 6], [254, 140, 26], [254, 136, 3], [254, 138, 3], [254, 147, 1], [254, 152, 28], [254, 131, 0], [254, 137, 0], [253, 134, 0], [254, 138, 0], [253, 142, 1]],