{"cameras": {"A": {"PM": [[51, [748, 363]], [15, [461, 718]], [16, [534, 602]], [17, [623, 386]], [52, [882, 371]], [53, [979, 350]], [29, [593, 777]], [32, [666, 648]], [35, [755, 515]], [34, [889, 514]], [33, [997, 499]], [14, [537, 312]], [48, [637, 231]], [45, [542, 102]], [11, [446, 167]], [10, [367, 293]], [46, [666, 120]], [12, [367, 593]], [30, [699, 756]]], "recadrage": [21.0, 81.88888888888889, 73.16666666666667], "voisins": {"F": [[170, 58, 87], [175, 80, 104], [173, 50, 82], [173, 64, 100], [174, 58, 80], [168, 80, 107], [172, 49, 80], [173, 66, 96], [157, 61, 93], [160, 58, 92], [161, 52, 82], [154, 74, 89], [157, 59, 91], [162, 58, 83], [161, 55, 78], [153, 74, 91]], "R": [[30, 99, 184], [44, 106, 178], [9, 81, 178], [11, 78, 178], [16, 95, 184], [31, 98, 181], [47, 103, 179], [11, 79, 179], [11, 80, 175], [18, 96, 182], [44, 99, 177], [22, 89, 170], [24, 85, 171], [20, 85, 171], [32, 88, 174], [35, 98, 178], [31, 90, 163], [26, 84, 168], [27, 82, 166], [34, 89, 168], [31, 96, 176], [31, 96, 176], [56, 110, 178], [60, 109, 175], [27, 94, 181], [28, 86, 179], [6, 82, 178], [9, 80, 172], [17, 94, 186], [23, 99, 180], [29, 91, 171], [7, 79, 178], [5, 79, 179], [11, 93, 188], [30, 93, 183], [16, 84, 175], [11, 75, 173], [4, 79, 176], [19, 90, 186], [28, 96, 183], [11, 84, 175], [5, 81, 171], [6, 78, 176], [6, 92, 185], [16, 98, 185], [17, 91, 180], [7, 83, 173], [11, 83, 179], [11, 96, 187], [20, 99, 184], [25, 91, 177], [4, 83, 175], [7, 84, 177], [13, 98, 184]], "U": [[202, 229, 244], [199, 218, 235], [200, 218, 235], [202, 227, 243], [209, 229, 241], [200, 218, 232], [202, 219, 233], [206, 227, 241], [200, 219, 235], [195, 222, 232], [196, 218, 227], [189, 215, 224], [200, 219, 235], [195, 222, 232], [196, 218, 227], [189, 215, 224], [201, 223, 235], [203, 225, 240], [206, 223, 237], [207, 233, 250], [204, 222, 236], [202, 224, 241], [203, 223, 237], [206, 233, 253], [199, 213, 222], [196, 214, 226], [197, 220, 234], [191, 221, 235], [194, 214, 225], [196, 214, 226], [193, 220, 235], [187, 220, 237]], "B": [[254, 162, 48], [254, 154, 26], [254, 158, 68], [254, 147, 29], [254, 155, 56], [254, 159, 54], [254, 154, 31], [254, 159, 68], [254, 152, 16], [254, 159, 56], [254, 156, 48], [254, 156, 45], [254, 158, 74], [254, 152, 29], [254, 157, 46], [254, 154, 49], [254, 157, 37], [254, 158, 63], [254, 152, 23], [254, 154, 56], [254, 154, 47], [254, 153, 36], [254, 158, 68], [254, 150, 12], [254, 155, 40], [254, 154, 47], [254, 153, 36], [254, 158, 68], [254, 150, 12], [254, 155, 40], [254, 158, 21], [254, 155, 21], [254, 156, 66], [254, 156, 11], [254, 163, 49], [254, 157, 33], [254, 157, 20], [254, 156, 60], [254, 157, 14], [254, 161, 54], [254, 154, 48], [253, 137, 34], [254, 137, 32], [254, 139, 37], [253, 145, 45], [254, 155, 44], [254, 135, 44], [254, 143, 41], [254, 137, 43], [253, 142, 50], [254, 151, 35], [254, 150, 32], [254, 159, 47], [254, 159, 43]], "L": [[17, 224, 79], [0, 222, 68], [0, 222, 71], [6, 225, 90], [17, 224, 79], [0, 222, 68], [0, 222, 71], [6, 225, 90], [17, 210, 76], [30, 222, 80], [32, 221, 99], [10, 214, 93], [8, 213, 77], [36, 221, 83], [29, 221, 101], [12, 214, 95]], "D": [[218, 242, 46], [216, 245, 31], [216, 245, 9], [217, 246, 10], [212, 242, 31], [220, 243, 48], [220, 245, 35], [217, 245, 6], [219, 246, 25], [215, 242, 29], [217, 245, 39], [218, 245, 28], [220, 244, 40], [220, 244, 40], [231, 252, 13], [226, 252, 0], [219, 246, 24], [227, 251, 3], [225, 253, 8], [230, 253, 0], [225, 252, 0], [216, 245, 28], [226, 252, 0], [224, 253, 16], [218, 244, 30], [218, 244, 20], [216, 245, 31], [216, 245, 20], [226, 254, 23], [219, 250, 56], [216, 244, 22], [228, 254, 3], [229, 254, 25], [228, 254, 23], [217, 250, 61], [216, 245, 23], [227, 254, 1], [223, 254, 22]]}, "marqueurs": [["R", [423, 452]], ["B", [798, 228]], ["D", [804, 648]]]}, "B": {"PM": [[20, [650, 492]], [8, [653, 347]], [7, [509, 346]], [6, [388, 350]], [18, [397, 487]], [19, [515, 486]], [9, [787, 353]], [5, [740, 195]], [2, [825, 65]], [10, [866, 239]], [11, [954, 121]], [12, [876, 557]], [15, [971, 682]], [26, [845, 755]], [23, [719, 601]], [16, [1058, 530]], [14, [1044, 245]], [1, [707, 82]]], "recadrage": [24.333333333333332, 84.0, 70.33333333333333], "voisins": {"F": [[191, 83, 79], [167, 27, 46], [178, 17, 43], [172, 39, 57], [188, 44, 70], [191, 83, 79], [167, 27, 46], [178, 17, 43], [172, 39, 57], [188, 44, 70], [180, 24, 59], [170, 20, 46], [175, 18, 41], [168, 29, 48], [185, 69, 93], [175, 30, 61], [168, 27, 44], [174, 19, 42], [166, 36, 48], [189, 63, 84], [182, 44, 80], [174, 18, 42], [176, 13, 41], [166, 31, 48], [185, 49, 70], [184, 45, 82], [173, 19, 48], [180, 9, 45], [172, 27, 52], [186, 50, 64], [179, 38, 65], [171, 11, 43], [176, 18, 41], [167, 33, 55], [188, 64, 82], [177, 42, 61], [171, 13, 45], [180, 17, 44], [169, 33, 53], [192, 59, 83], [182, 19, 49], [174, 34, 47], [176, 18, 41], [171, 12, 37], [176, 22, 49], [178, 20, 46], [173, 29, 53], [172, 19, 42], [170, 9, 42], [172, 22, 48], [181, 11, 43], [175, 16, 44], [174, 18, 42], [174, 19, 46]], "R": [[1, 52, 163], [0, 53, 162], [1, 56, 165], [1, 53, 156], [1, 57, 164], [1, 52, 163], [0, 53, 162], [1, 56, 165], [1, 53, 156], [1, 57, 164], [1, 54, 160], [1, 54, 162], [0, 55, 161], [2, 54, 158], [2, 67, 178], [7, 73, 175], [16, 69, 174], [5, 68, 174], [1, 52, 162], [1, 66, 182], [11, 73, 174], [11, 72, 174], [3, 71, 170], [1, 55, 159], [2, 51, 155], [0, 52, 163], [0, 57, 163], [3, 51, 153], [2, 56, 155], [1, 56, 155], [0, 52, 161], [1, 59, 163], [0, 51, 161], [3, 61, 159], [1, 54, 152], [3, 55, 158], [2, 59, 160], [2, 53, 155], [7, 57, 161], [1, 56, 160], [0, 57, 155], [1, 55, 166], [2, 57, 153], [4, 58, 161], [3, 57, 155], [0, 53, 157], [0, 56, 163], [1, 52, 153], [1, 56, 155], [0, 51, 162], [1, 56, 155], [1, 58, 159], [0, 53, 153], [2, 59, 156]], "U": [[228, 236, 254], [228, 236, 254], [225, 233, 251], [219, 227, 238], [225, 230, 244], [228, 236, 254], [228, 236, 254], [225, 233, 251], [219, 227, 238], [225, 230, 244], [217, 223, 238], [219, 224, 239], [219, 225, 243], [221, 225, 243], [220, 225, 241], [217, 223, 239], [217, 224, 238], [216, 226, 241], [220, 226, 242], [220, 224, 240], [219, 225, 237], [221, 226, 237], [218, 225, 239], [218, 226, 239], [228, 235, 253], [223, 235, 254], [231, 236, 254], [227, 236, 254], [223, 226, 238], [228, 235, 254], [222, 229, 245], [224, 225, 239], [221, 224, 236], [221, 225, 238], [226, 236, 254], [217, 230, 246], [220, 226, 238], [222, 225, 235]], "B": [[254, 144, 2], [254, 139, 0], [254, 144, 46], [254, 152, 21], [253, 144, 1], [254, 144, 1], [253, 146, 42], [254, 154, 16], [254, 147, 1], [254, 145, 16], [254, 141, 1], [254, 150, 3], [253, 151, 0], [254, 150, 6], [254, 144, 1], [254, 157, 1]], "L": [[22, 227, 81], [33, 228, 76], [54, 222, 86], [37, 226, 78], [23, 226, 81], [38, 226, 84], [45, 222, 88], [30, 226, 80], [21, 214, 66], [34, 218, 69], [22, 214, 65], [38, 216, 61], [26, 215, 66], [32, 220, 60], [31, 216, 66], [36, 218, 62]], "D": [[243, 254, 33], [244, 254, 49], [239, 254, 32], [242, 254, 32], [246, 254, 38], [245, 254, 37], [240, 254, 35], [244, 254, 31], [234, 248, 17], [236, 251, 34], [235, 248, 11], [238, 249, 20], [235, 249, 16], [237, 251, 27], [237, 249, 13], [237, 251, 4], [242, 254, 23], [236, 252, 30], [234, 247, 47], [243, 254, 55], [239, 254, 28], [234, 252, 37], [234, 248, 39], [241, 254, 56], [245, 254, 41], [241, 254, 37], [239, 254, 44], [244, 254, 30], [241, 254, 52], [241, 252, 53], [237, 253, 49], [240, 254, 20]]}, "marqueurs": [["U", [595, 181]], ["F", [596, 631]], ["R", [985, 401]]]}, "C": {"PM": [[0, [562, 367]], [36, [688, 444]], [37, [789, 317]], [38, [871, 190]], [6, [750, 122]], [3, [679, 238]], [39, [779, 585]], [50, [661, 660]], [47, [552, 506]], [46, [430, 509]], [53, [731, 776]], [42, [843, 720]], [1, [427, 380]], [2, [320, 374]], [45, [324, 495]], [43, [947, 604]], [41, [949, 323]], [52, [624, 756]], [7, [638, 142]]], "recadrage": [18.666666666666668, 81.55555555555556, 76.16666666666667],